{
   "class":"cmaas.portal.vo.MasterTitle",
   "dateDistributed":"12/21/2012 12:09:33",
   "dateReceived":"2012-12-21 07:46:17.666512",
   "id":4249,
   "lastStartedSuperProcess":{
      "class":"cmaas.portal.vo.WorkOrder",
      "dateEnd":"12/21/2012 11:46:56",
      "dateStart":"12/21/2012 11:46:48",
      "id":2630,
      "portalStatus":{
         "enumType":"cmaas.portal.vo.WorkOrderStatus",
         "name":"completed"
      },
      "status":6,
      "subProcess":false,
      "superProcess":true,
      "superProcessToken":null,
      "template":"Target Title",
      "titleId":4249,
      "token":"2732"
   },
   "licenseWindowEnd":"12/31/2012 00:00:00",
   "licenseWindowStart":"08/30/2012 00:00:00",
   "licensingWindow":"08/30/2012 00:00:00 - 12/31/2012 00:00:00",
   "movieURIs":[
      "Numb3rsS1EP05_SD.2.0EN.16x9.NV.MUXED.SUBS.mpg",
      "Numb3rsS1EP05_SD.2.0EN.16x9.NV.BURNT.SUBS.mpg"
   ],
   "posterUrl":null,
   "previewURIs":[

   ],
   "provider":"ODG",
   "qcReports":[

   ],
   "ratings":[
      "14"
   ],
   "ratingsStr":"14",
   "shortSummary":"A five-year-old girl is kidnapped from her birthday party, Don and Terry lead the investigation, as a difficult math problem that can unlock the worlds financial secret is involved.",
   "siteTitle":{
      "class":"cmaas.portal.vo.SiteTitle",
      "dateDistributed":"12/21/2012 12:09:33",
      "dateDistributionStatusChanged":"12/21/2012 12:09:33",
      "distributionStatus":"DISTRIBUTED",
      "id":4250,
      "lastStartedSuperProcess":{
         "class":"cmaas.portal.vo.WorkOrder",
         "dateEnd":"12/21/2012 12:09:41",
         "dateStart":"12/21/2012 11:46:57",
         "id":2631,
         "portalStatus":{
            "enumType":"cmaas.portal.vo.WorkOrderStatus",
            "name":"completed"
         },
         "status":6,
         "subProcess":false,
         "superProcess":true,
         "superProcessToken":null,
         "template":"SaaS Distribution",
         "titleId":4250,
         "token":"2733"
      },
      "site":"Aspera-Out-VPC",
      "status":"completed",
      "superProcesses":[
         {
            "class":"cmaas.portal.vo.WorkOrder",
            "dateEnd":"12/21/2012 12:09:41",
            "dateStart":"12/21/2012 11:46:57",
            "id":2631,
            "portalStatus":{
               "enumType":"cmaas.portal.vo.WorkOrderStatus",
               "name":"completed"
            },
            "status":6,
            "subProcess":false,
            "superProcess":true,
            "superProcessToken":null,
            "template":"SaaS Distribution",
            "titleId":4250,
            "token":"2733"
         }
      ],
      "workOrderStatus":{
         "enumType":"cmaas.portal.vo.WorkOrderStatus",
         "name":"completed"
      },
      "workOrders":[
         {
            "class":"cmaas.portal.vo.WorkOrder",
            "dateEnd":"12/21/2012 12:09:41",
            "dateStart":"12/21/2012 11:46:57",
            "id":2631,
            "portalStatus":{
               "enumType":"cmaas.portal.vo.WorkOrderStatus",
               "name":"completed"
            },
            "status":6,
            "subProcess":false,
            "superProcess":true,
            "superProcessToken":null,
            "template":"SaaS Distribution",
            "titleId":4250,
            "token":"2733"
         }
      ]
   },
   "status":"completed",
   "suggestedPrice":0,
   "superProcesses":[
      {
         "class":"cmaas.portal.vo.WorkOrder",
         "dateEnd":"12/21/2012 07:57:19",
         "dateStart":"12/21/2012 06:42:21",
         "id":2615,
         "portalStatus":{
            "enumType":"cmaas.portal.vo.WorkOrderStatus",
            "name":"completed"
         },
         "status":6,
         "subProcess":false,
         "superProcess":true,
         "superProcessToken":null,
         "template":"SaaS Package Ingest",
         "titleId":4249,
         "token":"2715"
      },
      {
         "class":"cmaas.portal.vo.WorkOrder",
         "dateEnd":"12/21/2012 11:46:48",
         "dateStart":"12/21/2012 07:57:20",
         "id":2625,
         "portalStatus":{
            "enumType":"cmaas.portal.vo.WorkOrderStatus",
            "name":"completed"
         },
         "status":6,
         "subProcess":false,
         "superProcess":true,
         "superProcessToken":null,
         "template":"SaaS Content Processing",
         "titleId":4249,
         "token":"2725"
      },
      {
         "class":"cmaas.portal.vo.WorkOrder",
         "dateEnd":"12/21/2012 11:46:56",
         "dateStart":"12/21/2012 11:46:48",
         "id":2630,
         "portalStatus":{
            "enumType":"cmaas.portal.vo.WorkOrderStatus",
            "name":"completed"
         },
         "status":6,
         "subProcess":false,
         "superProcess":true,
         "superProcessToken":null,
         "template":"Target Title",
         "titleId":4249,
         "token":"2732"
      }
   ],
   "titleDisplay":"Numb3rs s1 e05",
   "workOrderStatus":{
      "enumType":"cmaas.portal.vo.WorkOrderStatus",
      "name":"completed"
   },
   "workOrders":[
      {
         "class":"cmaas.portal.vo.WorkOrder",
         "dateEnd":"12/21/2012 07:57:19",
         "dateStart":"12/21/2012 06:42:21",
         "id":2615,
         "portalStatus":{
            "enumType":"cmaas.portal.vo.WorkOrderStatus",
            "name":"completed"
         },
         "status":6,
         "subProcess":false,
         "superProcess":true,
         "superProcessToken":null,
         "template":"SaaS Package Ingest",
         "titleId":4249,
         "token":"2715"
      },
      {
         "class":"cmaas.portal.vo.WorkOrder",
         "dateEnd":"12/21/2012 07:56:46",
         "dateStart":"12/21/2012 07:46:28",
         "id":2622,
         "portalStatus":{
            "enumType":"cmaas.portal.vo.WorkOrderStatus",
            "name":"completed"
         },
         "status":6,
         "subProcess":true,
         "superProcess":false,
         "superProcessToken":"2715",
         "template":"SaaS Update File Properties",
         "titleId":4249,
         "token":"2722"
      },
      {
         "class":"cmaas.portal.vo.WorkOrder",
         "dateEnd":"12/21/2012 07:57:07",
         "dateStart":"12/21/2012 07:56:46",
         "id":2623,
         "portalStatus":{
            "enumType":"cmaas.portal.vo.WorkOrderStatus",
            "name":"completed"
         },
         "status":6,
         "subProcess":true,
         "superProcess":false,
         "superProcessToken":"2715",
         "template":"SaaS Update File Properties",
         "titleId":4249,
         "token":"2723"
      },
      {
         "class":"cmaas.portal.vo.WorkOrder",
         "dateEnd":"12/21/2012 07:57:17",
         "dateStart":"12/21/2012 07:57:16",
         "id":2624,
         "portalStatus":{
            "enumType":"cmaas.portal.vo.WorkOrderStatus",
            "name":"completed"
         },
         "status":6,
         "subProcess":true,
         "superProcess":false,
         "superProcessToken":"2715",
         "template":"SaaS Get Rotten Tomatoes Id",
         "titleId":4249,
         "token":"2724"
      },
      {
         "class":"cmaas.portal.vo.WorkOrder",
         "dateEnd":"12/21/2012 11:46:48",
         "dateStart":"12/21/2012 07:57:20",
         "id":2625,
         "portalStatus":{
            "enumType":"cmaas.portal.vo.WorkOrderStatus",
            "name":"completed"
         },
         "status":6,
         "subProcess":false,
         "superProcess":true,
         "superProcessToken":null,
         "template":"SaaS Content Processing",
         "titleId":4249,
         "token":"2725"
      },
      {
         "class":"cmaas.portal.vo.WorkOrder",
         "dateEnd":"12/21/2012 09:16:32",
         "dateStart":"12/21/2012 07:57:33",
         "id":2627,
         "portalStatus":{
            "enumType":"cmaas.portal.vo.WorkOrderStatus",
            "name":"completed"
         },
         "status":6,
         "subProcess":true,
         "superProcess":false,
         "superProcessToken":"2725",
         "template":"SaaS Elemental Transcode",
         "titleId":4249,
         "token":"2729"
      },
      {
         "class":"cmaas.portal.vo.WorkOrder",
         "dateEnd":"12/21/2012 11:46:39",
         "dateStart":"12/21/2012 11:03:19",
         "id":2629,
         "portalStatus":{
            "enumType":"cmaas.portal.vo.WorkOrderStatus",
            "name":"completed"
         },
         "status":6,
         "subProcess":true,
         "superProcess":false,
         "superProcessToken":"2725",
         "template":"SaaS Elemental Transcode",
         "titleId":4249,
         "token":"2731"
      },
      {
         "class":"cmaas.portal.vo.WorkOrder",
         "dateEnd":"12/21/2012 11:46:56",
         "dateStart":"12/21/2012 11:46:48",
         "id":2630,
         "portalStatus":{
            "enumType":"cmaas.portal.vo.WorkOrderStatus",
            "name":"completed"
         },
         "status":6,
         "subProcess":false,
         "superProcess":true,
         "superProcessToken":null,
         "template":"Target Title",
         "titleId":4249,
         "token":"2732"
      }
   ]
}