{
  "start": "2013-03-04 15:02:22",
  "end": "2013-05-03 15:02:22",
  "totalDays": 61,
  "successes": 27,
  "failures": 2,
  "graph": {
    "dates": [
      "2013-03-04 00:00:00",
      "2013-03-05 00:00:00",
      "2013-03-06 00:00:00",
      "2013-03-07 00:00:00",
      "2013-03-08 00:00:00",
      "2013-03-09 00:00:00",
      "2013-03-10 00:00:00",
      "2013-03-11 00:00:00",
      "2013-03-12 00:00:00",
      "2013-03-13 00:00:00",
      "2013-03-14 00:00:00",
      "2013-03-15 00:00:00",
      "2013-03-16 00:00:00",
      "2013-03-17 00:00:00",
      "2013-03-18 00:00:00",
      "2013-03-19 00:00:00",
      "2013-03-20 00:00:00",
      "2013-03-21 00:00:00",
      "2013-03-22 00:00:00",
      "2013-03-23 00:00:00",
      "2013-03-24 00:00:00",
      "2013-03-25 00:00:00",
      "2013-03-26 00:00:00",
      "2013-03-27 00:00:00",
      "2013-03-28 00:00:00",
      "2013-03-29 00:00:00",
      "2013-03-30 00:00:00",
      "2013-03-31 00:00:00",
      "2013-04-01 00:00:00",
      "2013-04-02 00:00:00",
      "2013-04-03 00:00:00",
      "2013-04-04 00:00:00",
      "2013-04-05 00:00:00",
      "2013-04-06 00:00:00",
      "2013-04-07 00:00:00",
      "2013-04-08 00:00:00",
      "2013-04-09 00:00:00",
      "2013-04-10 00:00:00",
      "2013-04-11 00:00:00",
      "2013-04-12 00:00:00",
      "2013-04-13 00:00:00",
      "2013-04-14 00:00:00",
      "2013-04-15 00:00:00",
      "2013-04-16 00:00:00",
      "2013-04-17 00:00:00",
      "2013-04-18 00:00:00",
      "2013-04-19 00:00:00",
      "2013-04-20 00:00:00",
      "2013-04-21 00:00:00",
      "2013-04-22 00:00:00",
      "2013-04-23 00:00:00",
      "2013-04-24 00:00:00",
      "2013-04-25 00:00:00",
      "2013-04-26 00:00:00",
      "2013-04-27 00:00:00",
      "2013-04-28 00:00:00",
      "2013-04-29 00:00:00",
      "2013-04-30 00:00:00",
      "2013-05-01 00:00:00",
      "2013-05-02 00:00:00",
      "2013-05-03 00:00:00"
    ],
    "successes": [
      0,
      0,
      0,
      0,
      0,
      0,
      0,
      2,
      0,
      0,
      0,
      0,
      0,
      0,
      0,
      0,
      0,
      0,
      1,
      0,
      0,
      0,
      0,
      0,
      0,
      0,
      0,
      0,
      0,
      0,
      0,
      0,
      1,
      0,
      0,
      0,
      0,
      0,
      0,
      0,
      0,
      0,
      0,
      0,
      0,
      0,
      0,
      0,
      0,
      0,
      6,
      3,
      3,
      10,
      0,
      0,
      1,
      0,
      0,
      0,
      0
    ],
    "failures": [
      0,
      0,
      0,
      0,
      0,
      0,
      0,
      0,
      0,
      0,
      0,
      0,
      0,
      0,
      0,
      0,
      0,
      0,
      0,
      0,
      0,
      0,
      0,
      0,
      0,
      0,
      0,
      0,
      0,
      0,
      0,
      0,
      0,
      0,
      0,
      0,
      0,
      0,
      0,
      0,
      0,
      0,
      0,
      0,
      0,
      0,
      0,
      0,
      0,
      0,
      0,
      0,
      0,
      0,
      0,
      0,
      0,
      0,
      0,
      2,
      0
    ]
  },
  "titleStatusSummaries": [
    {
      "date": "2013-03-11 00:00:00",
      "successes": 2,
      "failures": 0,
      "titles": [
        {
          "titleDisplay": "Charlie and the Fantastic Chocolate Factory",
          "status": "completed",
          "dateReceived": "2013-03-11 00:00:00",
          "distributionDate": "2013-03-25 08:56:01",
          "transitTime": "01:00:00"
        },
        {
          "titleDisplay": "Oz the Great and Powerful",
          "status": "completed",
          "dateReceived": "2013-03-11 00:00:00",
          "distributionDate": "2013-03-18 15:04:25",
          "transitTime": "01:00:00"
        }
      ]
    },
    {
      "date": "2013-03-22 00:00:00",
      "successes": 1,
      "failures": 0,
      "titles": [
        {
          "titleDisplay": "Red Dawn",
          "status": "completed",
          "dateReceived": "2013-03-22 00:00:00",
          "distributionDate": "2013-03-28 08:57:02",
          "transitTime": "01:00:00"
        }
      ]
    },
    {
      "date": "2013-04-05 00:00:00",
      "successes": 1,
      "failures": 0,
      "titles": [
        {
          "titleDisplay": "The Amityville Horror",
          "status": "completed",
          "dateReceived": "2013-04-05 00:00:00",
          "distributionDate": "2013-04-05 14:36:52",
          "transitTime": "01:00:00"
        }
      ]
    },
    {
      "date": "2013-04-23 00:00:00",
      "successes": 6,
      "failures": 0,
      "titles": [
        {
          "titleDisplay": "Hotel Transylvania",
          "status": "completed",
          "dateReceived": "2013-04-23 00:00:00",
          "distributionDate": "2013-04-23 15:59:44",
          "transitTime": "01:00:00"
        },
        {
          "titleDisplay": "Amour",
          "status": "completed",
          "dateReceived": "2013-04-23 00:00:00",
          "distributionDate": "2013-04-23 15:55:09",
          "transitTime": "01:00:00"
        },
        {
          "titleDisplay": "Skyfall",
          "status": "completed",
          "dateReceived": "2013-04-23 00:00:00",
          "distributionDate": "2013-04-23 15:59:47",
          "transitTime": "01:00:00"
        },
        {
          "titleDisplay": "Forrest Gump BMP",
          "status": "completed",
          "dateReceived": "2013-04-23 00:00:00",
          "distributionDate": "2013-04-23 16:30:01",
          "transitTime": "01:00:00"
        },
        {
          "titleDisplay": "Gone With the Wind GIF",
          "status": "completed",
          "dateReceived": "2013-04-23 00:00:00",
          "distributionDate": "2013-04-23 16:33:05",
          "transitTime": "01:00:00"
        },
        {
          "titleDisplay": "Wolverine",
          "status": "completed",
          "dateReceived": "2013-04-23 00:00:00",
          "distributionDate": "2013-04-23 16:38:34",
          "transitTime": "01:00:00"
        }
      ]
    },
    {
      "date": "2013-04-24 00:00:00",
      "successes": 3,
      "failures": 0,
      "titles": [
        {
          "titleDisplay": "Battle Of The Year-Portal",
          "status": "completed",
          "dateReceived": "2013-04-24 00:00:00",
          "distributionDate": "2013-04-24 10:16:16",
          "transitTime": "01:00:00"
        },
        {
          "titleDisplay": "Total Recall",
          "status": "completed",
          "dateReceived": "2013-04-24 00:00:00",
          "distributionDate": "2013-04-24 12:30:51",
          "transitTime": "01:00:00"
        },
        {
          "titleDisplay": "On The Road",
          "status": "completed",
          "dateReceived": "2013-04-24 00:00:00",
          "distributionDate": "2013-04-24 12:16:08",
          "transitTime": "01:00:00"
        }
      ]
    },
    {
      "date": "2013-04-25 00:00:00",
      "successes": 3,
      "failures": 0,
      "titles": [
        {
          "titleDisplay": "Stolen",
          "status": "completed",
          "dateReceived": "2013-04-25 00:00:00",
          "distributionDate": "2013-04-25 07:35:27",
          "transitTime": "01:00:00"
        },
        {
          "titleDisplay": "Total Recall",
          "status": "completed",
          "dateReceived": "2013-04-25 00:00:00",
          "distributionDate": "2013-04-25 15:39:36",
          "transitTime": "01:00:00"
        },
        {
          "titleDisplay": "Hannibal",
          "status": "completed",
          "dateReceived": "2013-04-25 00:00:00",
          "distributionDate": "2013-04-25 15:41:43",
          "transitTime": "01:00:00"
        }
      ]
    },
    {
      "date": "2013-04-26 00:00:00",
      "successes": 10,
      "failures": 0,
      "titles": [
        {
          "titleDisplay": "56 Up",
          "status": "completed",
          "dateReceived": "2013-04-26 00:00:00",
          "distributionDate": "2013-04-26 12:46:44",
          "transitTime": "01:00:00"
        },
        {
          "titleDisplay": "Lore",
          "status": "completed",
          "dateReceived": "2013-04-26 00:00:00",
          "distributionDate": "2013-04-26 12:47:01",
          "transitTime": "01:00:00"
        },
        {
          "titleDisplay": "Cloud Atlas",
          "status": "completed",
          "dateReceived": "2013-04-26 00:00:00",
          "distributionDate": "2013-04-26 12:44:37",
          "transitTime": "01:00:00"
        },
        {
          "titleDisplay": "The Collection",
          "status": "completed",
          "dateReceived": "2013-04-26 00:00:00",
          "distributionDate": null,
          "transitTime": "01:00:00"
        },
        {
          "titleDisplay": "Last Ounce of Courage",
          "status": "completed",
          "dateReceived": "2013-04-26 00:00:00",
          "distributionDate": "2013-04-26 12:49:39",
          "transitTime": "01:00:00"
        },
        {
          "titleDisplay": "The Central Park Five",
          "status": "completed",
          "dateReceived": "2013-04-26 00:00:00",
          "distributionDate": "2013-04-26 12:52:19",
          "transitTime": "01:00:00"
        },
        {
          "titleDisplay": "Stolen",
          "status": "completed",
          "dateReceived": "2013-04-26 00:00:00",
          "distributionDate": "2013-04-26 12:50:54",
          "transitTime": "01:00:00"
        },
        {
          "titleDisplay": "The Impossible",
          "status": "completed",
          "dateReceived": "2013-04-26 00:00:00",
          "distributionDate": "2013-04-26 12:51:35",
          "transitTime": "01:00:00"
        },
        {
          "titleDisplay": "Pitch Perfect",
          "status": "completed",
          "dateReceived": "2013-04-26 00:00:00",
          "distributionDate": "2013-04-26 12:49:57",
          "transitTime": "01:00:00"
        },
        {
          "titleDisplay": "Amour",
          "status": "completed",
          "dateReceived": "2013-04-26 00:00:00",
          "distributionDate": "2013-04-26 12:52:48",
          "transitTime": "01:00:00"
        }
      ]
    },
    {
      "date": "2013-04-29 00:00:00",
      "successes": 1,
      "failures": 0,
      "titles": [
        {
          "titleDisplay": null,
          "status": "completed",
          "dateReceived": "2013-04-29 00:00:00",
          "distributionDate": "2013-04-29 13:53:22",
          "transitTime": "01:00:00"
        }
      ]
    },
    {
      "date": "2013-05-02 00:00:00",
      "successes": 0,
      "failures": 2,
      "titles": [
        {
          "titleDisplay": null,
          "status": "failed",
          "dateReceived": "2013-05-02 00:00:00",
          "distributionDate": null,
          "transitTime": "01:00:00"
        },
        {
          "titleDisplay": null,
          "status": "failed",
          "dateReceived": "2013-05-02 00:00:00",
          "distributionDate": null,
          "transitTime": "01:00:00"
        }
      ]
    }
  ]
}