{
	"WorkStatusReport": {
		"startDate": "01/04/2013",
		"endDate": "30/04/2013",
		"totalDays": 30,
		"totalFailed": 9,
		"totalSuccess": 15,
		"graph": {
			"dates": [
				"01/04/2013",
				"02/04/2013",
				"03/04/2013",
				"04/04/2013",
				"05/04/2013",
				"06/04/2013",
				"07/04/2013",
				"08/04/2013",
				"09/04/2013",
				"10/04/2013",
				"11/04/2013",
				"12/04/2013",
				"13/04/2013",
				"14/04/2013",
				"15/04/2013",
				"16/04/2013",
				"17/04/2013",
				"18/04/2013",
				"19/04/2013",
				"20/04/2013",
				"21/04/2013",
				"22/04/2013",
				"23/04/2013",
				"24/04/2013",
				"25/04/2013",
				"26/04/2013",
				"27/04/2013",
				"28/04/2013",
				"29/04/2013",
				"30/04/2013"
			],
			"completed": [
				0,
				0,
				0,
				0,
				1,
				0,
				0,
				0,
				0,
				0,
				0,
				0,
				0,
				0,
				0,
				0,
				0,
				0,
				0,
				0,
				0,
				0,
				7,
				3,
				3,
				1,
				0,
				0,
				0,
				0
			],
			"failed": [
				0,
				0,
				0,
				0,
				0,
				0,
				0,
				0,
				0,
				0,
				0,
				0,
				0,
				0,
				0,
				0,
				0,
				0,
				0,
				0,
				0,
				0,
				0,
				0,
				8,
				0,
				0,
				0,
				1,
				0
			]
		},
		"titlesReportList": [
			{
				"date": "01/04/2013",
				"successes": 0,
				"failure": 0,
				"titles": []
			},
			{
				"date": "01/02/2013",
				"successes": 4,
				"failure": 3,
				"titles": [
					{
						"titleDisplay": "Borat: Cultural Learnings of America for Make Benefit Glorious Nation of Kazakhstan",
						"status": "completed",
						"ingestDate": "01/04/2013",
						"distributionDate": "01/04/2013",
						"transitTime": "00:30:00"
					},
					{
						"titleDisplay": "Broken City",
						"status": "completed",
						"ingestDate": "01/04/2013",
						"distributionDate": "01/04/2013",
						"transitTime": "00:30:00"
					},
					{
						"titleDisplay": "Pitch Perfect",
						"status": "completed",
						"ingestDate": "01/04/2013",
						"distributionDate": "01/04/2013",
						"transitTime": "00:30:00"
					},
					{
						"titleDisplay": "The Impossible",
						"status": "completed",
						"ingestDate": "01/04/2013",
						"distributionDate": "01/04/2013",
						"transitTime": "00:30:00"
					},
					{
						"titleDisplay": "Texas Chainsaw 3D",
						"status": "failed",
						"ingestDate": "01/04/2013",
						"distributionDate": "01/04/2013",
						"transitTime": "01:05:00"
					},
			{
						"titleDisplay": "Last Ounce of Courage",
						"status": "failed",
						"ingestDate": "01/04/2013",
						"distributionDate": "01/04/2013",
						"transitTime": "01:12:00"
					},
					{
						"titleDisplay": "The Collection",
						"status": "failed",
						"ingestDate": "01/04/2013",
						"distributionDate": "01/04/2013",
						"transitTime": "01:26:00"
					}
				]
			},
		
		{
				"date": "01/03/2013",
				"successes": 1,
				"failure": 2,
				"titles": [
					{
						"titleDisplay": "Cloud Atlas",
						"status": "completed",
						"ingestDate": "01/04/2013",
						"distributionDate": "01/04/2013",
						"transitTime": "00:30:00"
					},
					{
						"titleDisplay": "The Central Park Five",
						"status": "failed",
						"ingestDate": "01/04/2013",
						"distributionDate": "01/04/2013",
						"transitTime": "01:00:00"
					},
					{
						"titleDisplay": "Last Ounce of Courage",
						"status": "failed",
						"ingestDate": "01/04/2013",
						"distributionDate": "01/04/2013",
						"transitTime": "01:25:00"
					}
				]
			},
		
		{
				"date": "01/04/2013",
				"successes": 0,
				"failure": 11,
				"titles": [
					{
						"titleDisplay": "The Last Stand",
						"status": "failed",
						"ingestDate": "01/04/2013",
						"distributionDate": "01/04/2013",
						"transitTime": "01:00:00"
					},
					{
						"titleDisplay": "56 Up",
						"status": "failed",
						"ingestDate": "01/04/2013",
						"distributionDate": "01/04/2013",
						"transitTime": "01:25:00"
					},
					{
						"titleDisplay": "Hannibal",
						"status": "failed",
						"ingestDate": "01/04/2013",
						"distributionDate": "01/04/2013",
						"transitTime": "01:00:00"
					},
					{
						"titleDisplay": "Total Recall",
						"status": "failed",
						"ingestDate": "01/04/2013",
						"distributionDate": "01/04/2013",
						"transitTime": "01:00:00"
					},
					{
						"titleDisplay": "On The Road",
						"status": "failed",
						"ingestDate": "01/04/2013",
						"distributionDate": "01/04/2013",
						"transitTime": "01:00:00"
					},
					{
						"titleDisplay": "Battle Of The Year-Portal",
						"status": "failed",
						"ingestDate": "01/04/2013",
						"distributionDate": "01/04/2013",
						"transitTime": "01:00:00"
					},
					{
						"titleDisplay": "Wolverine",
						"status": "failed",
						"ingestDate": "01/04/2013",
						"distributionDate": "01/04/2013",
						"transitTime": "01:00:00"
					},
					{
						"titleDisplay": "Gone With the Wind GIF",
						"status": "failed",
						"ingestDate": "01/04/2013",
						"distributionDate": "01/04/2013",
						"transitTime": "01:00:00"
					},
					{
						"titleDisplay": "Forrest Gump BMP",
						"status": "failed",
						"ingestDate": "01/04/2013",
						"distributionDate": "01/04/2013",
						"transitTime": "01:00:00"
					},
					{
						"titleDisplay": "Last Ounce of Courage",
						"status": "failed",
						"ingestDate": "01/04/2013",
						"distributionDate": "01/04/2013",
						"transitTime": "01:00:00"
					},
					{
						"titleDisplay": "Hotel Transylvania",
						"status": "failed",
						"ingestDate": "01/04/2013",
						"distributionDate": "01/04/2013",
						"transitTime": "01:00:00"
					}
				]
			},
		
		{
				"date": "01/05/2013",
				"successes": 0,
				"failure": 2,
				"titles": [
					{
						"titleDisplay": "Premium Rush",
						"status": "failed",
						"ingestDate": "01/04/2013",
						"distributionDate": "01/04/2013",
						"transitTime": "01:00:00"
					},
					{
						"titleDisplay": "Rust and Bone",
						"status": "failed",
						"ingestDate": "01/04/2013",
						"distributionDate": "01/04/2013",
						"transitTime": "01:25:00"
					}
				]
			},
		
		{
				"date": "01/06/2013",
				"successes": 0,
				"failure": 2,
				"titles": [
					{
						"titleDisplay": "Storage 24",
						"status": "failed",
						"ingestDate": "01/04/2013",
						"distributionDate": "01/04/2013",
						"transitTime": "01:00:00"
					},
					{
						"titleDisplay": "Identity Thief",
						"status": "failed",
						"ingestDate": "01/04/2013",
						"distributionDate": "01/04/2013",
						"transitTime": "01:25:00"
					}
				]
			},
		
		{
				"date": "01/07/2013",
				"successes": 0,
				"failure": 2,
				"titles": [
					{
						"titleDisplay": "Stand Up Guys",
						"status": "failed",
						"ingestDate": "01/04/2013",
						"distributionDate": "01/04/2013",
						"transitTime": "01:00:00"
					},
					{
						"titleDisplay": "Quartet",
						"status": "failed",
						"ingestDate": "01/04/2013",
						"distributionDate": "01/04/2013",
						"transitTime": "01:25:00"
					}
				]
			},
		
		{
				"date": "01/08/2013",
				"successes": 0,
				"failure": 2,
				"titles": [
					{
						"titleDisplay": "To the Arctic",
						"status": "failed",
						"ingestDate": "01/04/2013",
						"distributionDate": "01/04/2013",
						"transitTime": "01:00:00"
					},
					{
						"titleDisplay": "Chasing Ice",
						"status": "failed",
						"ingestDate": "01/04/2013",
						"distributionDate": "01/04/2013",
						"transitTime": "01:25:00"
					}
				]
			},
		
		{
				"date": "01/09/2013",
				"successes": 0,
				"failure": 2,
				"titles": [
					{
						"titleDisplay": "Big Boys Gone Bananas!*",
						"status": "failed",
						"ingestDate": "01/04/2013",
						"distributionDate": "01/04/2013",
						"transitTime": "01:00:00"
					},
					{
						"titleDisplay": "Price Check",
						"status": "failed",
						"ingestDate": "01/04/2013",
						"distributionDate": "01/04/2013",
						"transitTime": "01:25:00"
					}
				]
			},
		
		{
				"date": "01/10/2013",
				"successes": 0,
				"failure": 2,
				"titles": [
					{
						"titleDisplay": "Step Up 4: Miami Heat",
						"status": "failed",
						"ingestDate": "01/04/2013",
						"distributionDate": "01/04/2013",
						"transitTime": "01:00:00"
					},
					{
						"titleDisplay": "The Odd Life of Timothy Green",
						"status": "failed",
						"ingestDate": "01/04/2013",
						"distributionDate": "01/04/2013",
						"transitTime": "01:25:00"
					}
				]
			},
		
		{
				"date": "01/11/2013",
				"successes": 0,
				"failure": 2,
				"titles": [
					{
						"titleDisplay": "10 Years",
						"status": "failed",
						"ingestDate": "01/04/2013",
						"distributionDate": "01/04/2013",
						"transitTime": "01:00:00"
					},
					{
						"titleDisplay": "The Perks of Being a Wallflower",
						"status": "failed",
						"ingestDate": "01/04/2013",
						"distributionDate": "01/04/2013",
						"transitTime": "01:25:00"
					}
				]
			},
		
		{
				"date": "01/12/2013",
				"successes": 0,
				"failure": 2,
				"titles": [
					{
						"titleDisplay": "This is 40",
						"status": "failed",
						"ingestDate": "01/04/2013",
						"distributionDate": "01/04/2013",
						"transitTime": "01:00:00"
					},
					{
						"titleDisplay": "Killer Joe",
						"status": "failed",
						"ingestDate": "01/04/2013",
						"distributionDate": "01/04/2013",
						"transitTime": "01:25:00"
					}
				]
			},
		
		{
				"date": "01/13/2013",
				"successes": 0,
				"failure": 2,
				"titles": [
					{
						"titleDisplay": "Looper",
						"status": "failed",
						"ingestDate": "01/04/2013",
						"distributionDate": "01/04/2013",
						"transitTime": "01:00:00"
					},
					{
						"titleDisplay": "The Central Park Five",
						"status": "failed",
						"ingestDate": "01/04/2013",
						"distributionDate": "01/04/2013",
						"transitTime": "01:25:00"
					}
				]
			},
		
		{
				"date": "01/14/2013",
				"successes": 0,
				"failure": 2,
				"titles": [
					{
						"titleDisplay": "The Possession",
						"status": "failed",
						"ingestDate": "01/04/2013",
						"distributionDate": "01/04/2013",
						"transitTime": "01:00:00"
					},
					{
						"titleDisplay": "Charlie and the Fantastic Chocolate Factory",
						"status": "failed",
						"ingestDate": "01/04/2013",
						"distributionDate": "01/04/2013",
						"transitTime": "01:25:00"
					}
				]
			},
		
		{
				"date": "01/15/2013",
				"successes": 0,
				"failure": 2,
				"titles": [
					{
						"titleDisplay": "Oz the Great and Powerful",
						"status": "failed",
						"ingestDate": "01/04/2013",
						"distributionDate": "01/04/2013",
						"transitTime": "01:00:00"
					},
					{
						"titleDisplay": "Red Dawn",
						"status": "failed",
						"ingestDate": "01/04/2013",
						"distributionDate": "01/04/2013",
						"transitTime": "01:25:00"
					}
				]
			},
		
		{
				"date": "01/16/2013",
				"successes": 0,
				"failure": 2,
				"titles": [
					{
						"titleDisplay": "Hotel Transylvania",
						"status": "failed",
						"ingestDate": "01/04/2013",
						"distributionDate": "01/04/2013",
						"transitTime": "01:00:00"
					},
					{
						"titleDisplay": "Skyfall",
						"status": "failed",
						"ingestDate": "01/04/2013",
						"distributionDate": "01/04/2013",
						"transitTime": "01:25:00"
					}
				]
			},
		
		{
				"date": "01/17/2013",
				"successes": 0,
				"failure": 2,
				"titles": [
					{
						"titleDisplay": "Wolverine",
						"status": "failed",
						"ingestDate": "01/04/2013",
						"distributionDate": "01/04/2013",
						"transitTime": "01:00:00"
					},
					{
						"titleDisplay": "Battle Of The Year",
						"status": "failed",
						"ingestDate": "01/04/2013",
						"distributionDate": "01/04/2013",
						"transitTime": "01:25:00"
					}
				]
			},
		
		{
				"date": "01/18/2013",
				"successes": 0,
				"failure": 2,
				"titles": [
					{
						"titleDisplay": "Stolen",
						"status": "failed",
						"ingestDate": "01/04/2013",
						"distributionDate": "01/04/2013",
						"transitTime": "01:00:00"
					},
					{
						"titleDisplay": "Won't Back Down",
						"status": "failed",
						"ingestDate": "01/04/2013",
						"distributionDate": "01/04/2013",
						"transitTime": "01:25:00"
					}
				]
			},
		
		{
				"date": "01/19/2013",
				"successes": 0,
				"failure": 2,
				"titles": [
					{
						"titleDisplay": "Bullet to the Head",
						"status": "failed",
						"ingestDate": "01/04/2013",
						"distributionDate": "01/04/2013",
						"transitTime": "01:00:00"
					},
					{
						"titleDisplay": "Cloud Atlas",
						"status": "failed",
						"ingestDate": "01/04/2013",
						"distributionDate": "01/04/2013",
						"transitTime": "01:25:00"
					}
				]
			},
		
		{
				"date": "01/20/2013",
				"successes": 0,
				"failure": 2,
				"titles": [
					{
						"titleDisplay": "Last Ounce of Courage",
						"status": "failed",
						"ingestDate": "01/04/2013",
						"distributionDate": "01/04/2013",
						"transitTime": "01:00:00"
					},
					{
						"titleDisplay": "The Central Park Five",
						"status": "failed",
						"ingestDate": "01/04/2013",
						"distributionDate": "01/04/2013",
						"transitTime": "01:25:00"
					}
				]
			},
		
		{
				"date": "01/21/2013",
				"successes": 0,
				"failure": 2,
				"titles": [
					{
						"titleDisplay": "Pitch Perfect",
						"status": "failed",
						"ingestDate": "01/04/2013",
						"distributionDate": "01/04/2013",
						"transitTime": "01:00:00"
					},
					{
						"titleDisplay": "Hit & Run",
						"status": "failed",
						"ingestDate": "01/04/2013",
						"distributionDate": "01/04/2013",
						"transitTime": "01:25:00"
					}
				]
			},
		
		{
				"date": "01/22/2013",
				"successes": 0,
				"failure": 2,
				"titles": [
					{
						"titleDisplay": "Liberal Arts",
						"status": "failed",
						"ingestDate": "01/04/2013",
						"distributionDate": "01/04/2013",
						"transitTime": "01:00:00"
					},
					{
						"titleDisplay": "The Words",
						"status": "failed",
						"ingestDate": "01/04/2013",
						"distributionDate": "01/04/2013",
						"transitTime": "01:25:00"
					}
				]
			},
		
		{
				"date": "01/23/2013",
				"successes": 0,
				"failure": 2,
				"titles": [
					{
						"titleDisplay": "LUV",
						"status": "failed",
						"ingestDate": "01/04/2013",
						"distributionDate": "01/04/2013",
						"transitTime": "01:00:00"
					},
					{
						"titleDisplay": "Price Check",
						"status": "failed",
						"ingestDate": "01/04/2013",
						"distributionDate": "01/04/2013",
						"transitTime": "01:25:00"
					}
				]
			},
		
		{
				"date": "01/24/2013",
				"successes": 0,
				"failure": 2,
				"titles": [
					{
						"titleDisplay": "The Day",
						"status": "failed",
						"ingestDate": "01/04/2013",
						"distributionDate": "01/04/2013",
						"transitTime": "01:00:00"
					},
					{
						"titleDisplay": "Taken 2",
						"status": "failed",
						"ingestDate": "01/04/2013",
						"distributionDate": "01/04/2013",
						"transitTime": "01:25:00"
					}
				]
			},
		
		{
				"date": "01/25/2013",
				"successes": 0,
				"failure": 2,
				"titles": [
					{
						"titleDisplay": "The Imposter",
						"status": "failed",
						"ingestDate": "01/04/2013",
						"distributionDate": "01/04/2013",
						"transitTime": "01:00:00"
					},
					{
						"titleDisplay": "The Sessions",
						"status": "failed",
						"ingestDate": "01/04/2013",
						"distributionDate": "01/04/2013",
						"transitTime": "01:25:00"
					}
				]
			},
		
		{
				"date": "01/26/2013",
				"successes": 0,
				"failure": 2,
				"titles": [
					{
						"titleDisplay": "Sparkle",
						"status": "failed",
						"ingestDate": "01/04/2013",
						"distributionDate": "01/04/2013",
						"transitTime": "01:00:00"
					},
					{
						"titleDisplay": "Argo",
						"status": "failed",
						"ingestDate": "01/04/2013",
						"distributionDate": "01/04/2013",
						"transitTime": "01:25:00"
					}
				]
			},
		
		{
				"date": "01/27/2013",
				"successes": 0,
				"failure": 2,
				"titles": [
					{
						"titleDisplay": "Parental Guidance",
						"status": "failed",
						"ingestDate": "01/04/2013",
						"distributionDate": "01/04/2013",
						"transitTime": "01:00:00"
					},
					{
						"titleDisplay": "Lawless",
						"status": "failed",
						"ingestDate": "01/04/2013",
						"distributionDate": "01/04/2013",
						"transitTime": "01:25:00"
					}
				]
			},
		
		{
				"date": "01/28/2013",
				"successes": 0,
				"failure": 2,
				"titles": [
					{
						"titleDisplay": "Gangster Squad",
						"status": "failed",
						"ingestDate": "01/04/2013",
						"distributionDate": "01/04/2013",
						"transitTime": "01:00:00"
					},
					{
						"titleDisplay": "The Guilt Trip",
						"status": "failed",
						"ingestDate": "01/04/2013",
						"distributionDate": "01/04/2013",
						"transitTime": "01:25:00"
					}
				]
			},
		
		{
				"date": "01/29/2013",
				"successes": 0,
				"failure": 2,
				"titles": [
					{
						"titleDisplay": "Silver Linings Playbook",
						"status": "failed",
						"ingestDate": "01/04/2013",
						"distributionDate": "01/04/2013",
						"transitTime": "01:00:00"
					},
					{
						"titleDisplay": "Les Miserables",
						"status": "failed",
						"ingestDate": "01/04/2013",
						"distributionDate": "01/04/2013",
						"transitTime": "01:25:00"
					}
				]
			},
		
		{
				"date": "01/30/2013",
				"successes": 0,
				"failure": 2,
				"titles": [
					{
						"titleDisplay": "The Sorcerer and the White Snake",
						"status": "failed",
						"ingestDate": "01/04/2013",
						"distributionDate": "01/04/2013",
						"transitTime": "01:00:00"
					},
					{
						"titleDisplay": "Samsara",
						"status": "failed",
						"ingestDate": "01/04/2013",
						"distributionDate": "01/04/2013",
						"transitTime": "01:25:00"
					}
				]
			}
		]
	}
}